 "question	answer"
"Battery life	""Optimize battery usage by closing background apps."
Reduce screen brightness and use battery-saving modes.
"Replace an old or degraded battery if necessary."""
"slow performance	""Clear app cache regularly."
Uninstall unnecessary apps.
"Factory reset the device if performance remains poor."""
"storage space	""Delete unused apps and media files."
Transfer photos and videos to cloud storage.
"Use external storage devices or SD cards if supported.iles."""
"over heating	""Avoid using resource-intensive apps for extended periods."
Remove the device from its case to allow for better heat dissipation.
"Ensure the device is not exposed to direct sunlight."""
"software updates	""Enable automatic updates for apps and the operating system."
"Regularly check for and install software updates."""
"network connectivity	""Move to an area with better network coverage."
Restart the device or toggle airplane mode on and off.
"Contact your service provider if the issue persists."""
"wifi problems	""Double-check the Wi-Fi password and security settings."
Restart the Wi-Fi router.
"Forget the network and reconnect to it."""
"security problems	""Install a reputable antivirus and security app."
Regularly review and adjust app permissions.
"Be cautious when downloading apps and sharing personal information."""
"privacy problems	""Install a reputable antivirus and security app."
Regularly review and adjust app permissions.
"Be cautious when downloading apps and sharing personal information."""
"screen damage	""Use a protective case and screen protector."
"Repair or replace the screen through a professional service if damaged."""
"auto brightenss	just go on to the seetings and turn off the auto brigthness mode"
"stolen devices	""Enable device tracking features (Find My iPhone"	" Find My Device"	" etc.)."
Set up a lock screen with contact information in case of loss.
"Report the loss or theft to the authorities and your service provider."""
"lost devices	""Enable device tracking features (Find My iPhone"	" Find My Device"	" etc.)."
Set up a lock screen with contact information in case of loss.
"Report the loss or theft to the authorities and your service provider."""
"app crashes	""Update the app to the latest version."
Clear app cache or data.
"Restart the device or reinstall the app if crashes persist."""
"notification overload	""Customize notification settings for apps."
"Use """"Do Not Disturb"""" mode during specific times."
"Set aside dedicated time for checking notifications."""
"privacy invasion	""Review and adjust app permissions."
Use a virtual private network (VPN) for increased privacy.
"Be cautious about sharing personal information online."""
"distraction	set device free zones and times                                                                                                             "
"addiction	use gadget blocking and limitimg tools"
"data loss	use data recovery software & backups"
"malware attacks	enable fire wall protection and use strong passwords and keep software updated to date"
"virus attacks	install anti virus software download from trusted ones"
"digital clutter	""Organize files and apps into folders."
Archive or delete old emails and messages.
"Regularly back up important data to cloud storage."""
"datausage	set data alerts amd limits    disable background data"
"incompatability issues	install necessary drives"
"social isolation	use gadgets mindfully"
"mental health issues	""Set screen time limits and take breaks from the device."
Seek professional help if mobile use negatively impacts mental health.
"Engage in offline activities and social interactions."""
